DATE,AWHNONAG,CPIAUCSL,CE16OV,PRS85006023,CLF16OV,GDPDEF
1964-01-01,115.2,30.93,44.92405,115.858,45.40675,16.197
1964-04-01,115.8,30.98,45.22131,116.121,45.60595,16.234
1964-07-01,115.6,31.05,45.45651,115.877,45.76706,16.299
1964-10-01,115.8,31.19333333,45.61069,116.027,45.87634,16.373
1965-01-01,116.1,31.29,46.01901,116.666,46.17858,16.455
1965-04-01,116.1,31.49,46.40186,116.437,46.46771,16.531
1965-07-01,115.7,31.58333333,46.57237,116.143,46.52391,16.595
1965-10-01,115.7,31.75,47.07935,116.198,46.89297,16.709
1966-01-01,116,32.04666667,47.16166,116.436,46.88173,16.816
1966-04-01,115.7,32.33666667,47.54516,116.09,47.23893,16.954
1966-07-01,115.1,32.61666667,47.86071,115.656,47.49433,17.118
1966-10-01,114.9,32.88333333,48.16843,115.143,47.85965,17.261
1967-01-01,114.1,32.96666667,47.97896,114.543,47.66419,17.333
1967-04-01,113.4,33.16666667,48.5271,113.821,48.25243,17.421
1967-07-01,113.4,33.5,48.90341,113.718,48.59089,17.588
1967-10-01,113.4,33.86666667,49.30781,113.664,49.01491,17.784
1968-01-01,113.1,34.2,49.2464,113.282,48.86816,17.981
1968-04-01,113.1,34.53333333,49.77101,113.487,49.40769,18.171
1968-07-01,113.1,35,49.76448,113.48,49.24408,18.349
1968-10-01,112.7,35.43333333,50.16039,112.935,49.62189,18.608
1969-01-01,112.8,35.86666667,50.54519,112.859,50.00656,18.8
1969-04-01,112.8,36.43333333,50.88034,112.701,50.39185,19.039
1969-07-01,112.6,36.93333333,51.12207,112.477,50.76278,19.307
1969-10-01,112.4,37.5,51.4422,112.058,50.97136,19.556
1970-01-01,111.8,38.1,51.52256,111.581,51.51714,19.832
1970-04-01,110.9,38.63333333,51.22856,110.815,51.5084,20.108
1970-07-01,110.8,39.03333333,51.28409,110.308,51.80189,20.273
1970-10-01,110.4,39.6,51.34681,110.221,52.24901,20.541
1971-01-01,110.2,39.93333333,51.34289,110.235,52.18969,20.853
1971-04-01,110.3,40.3,51.4533,110.201,52.27149,21.127
1971-07-01,110.1,40.7,52.0622,110.016,52.91157,21.342
1971-10-01,110.5,41,52.57309,110.405,53.46984,21.52
1972-01-01,110.6,41.33333333,53.29305,110.43,54.08556,21.848
1972-04-01,110.6,41.6,53.62624,110.409,54.33223,21.984
1972-07-01,110.5,41.93333333,53.92676,110.325,54.57327,22.194
1972-10-01,110.7,42.36666667,54.48666,110.185,54.91735,22.477
1973-01-01,110.7,43.03333333,55.17395,110.065,55.48124,22.736
1973-04-01,110.7,43.93333333,55.65283,110.007,55.91962,23.086
1973-07-01,110.5,44.8,55.85078,110.011,56.10071,23.535
1973-10-01,110.3,45.93333333,56.44726,109.694,56.75765,24.004
1974-01-01,109.8,47.3,56.72035,108.924,57.10923,24.457
1974-04-01,109.5,48.56666667,56.80005,108.615,57.36838,25.035
1974-07-01,109.4,49.93333333,56.87192,108.315,57.75555,25.769
1974-10-01,108.5,51.46666667,56.27936,107.609,57.93789,26.527
1975-01-01,107.6,52.56666667,55.65413,106.774,58.17831,27.13
1975-04-01,107.6,53.2,55.76389,106.647,58.43434,27.533
1975-07-01,108.1,54.26666667,56.36756,106.846,58.82588,28.019
1975-10-01,108.4,55.26666667,56.61974,107.386,58.95514,28.488
1976-01-01,108.7,55.9,57.48212,107.743,59.45846,28.789
1976-04-01,108.3,56.4,57.85973,107.012,59.87686,29.079
1976-07-01,108.2,57.3,58.25826,106.816,60.294,29.455
1976-10-01,107.7,58.13333333,58.66985,106.583,60.79045,29.983
1977-01-01,107.5,59.2,59.32643,106.438,61.26941,30.465
1977-04-01,108,60.23333333,60.0784,106.609,61.88014,30.895
1977-07-01,107.6,61.06666667,60.56381,106.38,62.10495,31.271
1977-10-01,107.7,61.96666667,61.48042,106.226,62.75314,31.947
1978-01-01,106.7,63.03333333,61.90507,105.449,63.12845,32.411
1978-04-01,107.5,64.46666667,62.94254,106.414,63.92714,33.031
1978-07-01,107.4,65.96666667,63.15618,106.251,64.19191,33.592
1978-10-01,107.2,67.5,63.75135,106.122,64.82512,34.279
1979-01-01,107.1,69.2,64.33868,105.648,65.3122,34.904
1979-04-01,106.5,71.4,64.46869,105.05,65.3428,35.759
1979-07-01,106.8,73.7,64.90053,105.37,65.89982,36.541
1979-10-01,106.8,76.03333333,65.28795,105.348,66.35443,37.219
1980-01-01,106.1,79.03333333,65.14422,104.791,66.46934,38.001
1980-04-01,105.3,81.7,64.47065,103.943,66.6804,38.905
1980-07-01,105.1,83.23333333,64.72871,103.762,66.87898,39.774
1980-10-01,105.8,85.56666667,65.09261,104.254,67.0376,40.81
1981-01-01,105.9,87.93333333,65.70477,104.382,67.78758,41.885
1981-04-01,105.8,89.76666667,65.52641,103.963,67.68954,42.715
1981-07-01,105.4,92.26666667,65.37353,103.563,67.62585,43.519
1981-10-01,105,93.76666667,65.09979,103.638,68.01176,44.271
1982-01-01,104.1,94.6,65.11743,102.697,68.42079,44.88
1982-04-01,104.4,95.96666667,65.03316,103.388,68.74176,45.463
1982-07-01,104.3,97.63333333,65.00768,103.391,69.14142,46.108
1982-10-01,103.9,97.93333333,64.69931,103.296,69.36748,46.586
1983-01-01,104.1,98,64.79535,103.662,69.05774,46.938
1983-04-01,104.6,99.13333333,65.74527,103.892,69.86455,47.286
1983-07-01,104.8,100.1,66.64881,104.634,70.1262,47.789
1983-10-01,105.4,101.1,67.28906,104.693,70.14431,48.151
1984-01-01,105.5,102.5333333,67.92343,105.035,70.38536,48.639
1984-04-01,105.4,103.5,68.98442,105.194,71.07477,49.055
1984-07-01,105.2,104.4,68.91843,104.809,71.09975,49.491
1984-10-01,105,105.3,69.39731,104.702,71.55186,49.861
1985-01-01,104.6,106.2666667,69.89776,104.752,72.01833,50.354
1985-04-01,104.7,107.2333333,69.58155,104.875,71.79165,50.678
1985-07-01,104.4,107.9,70.33417,104.668,72.37865,50.984
1985-10-01,104.5,109,70.69938,104.498,72.65904,51.269
1986-01-01,104.5,109.5666667,71.10509,104.26,73.19982,51.524
1986-04-01,103.9,109.0333333,71.58789,103.645,73.73936,51.719
1986-07-01,103.9,109.7,71.92043,103.353,73.93357,51.931
1986-10-01,103.9,110.4666667,72.34051,103.483,74.06845,52.214
1987-01-01,104.3,111.8,72.78476,104.043,74.47998,52.548
1987-04-01,104.2,113.0666667,73.33224,103.899,74.71353,52.912
1987-07-01,104.2,114.2666667,73.76539,103.851,74.94271,53.313
1987-10-01,104.2,115.3333333,74.34293,104.044,75.39107,53.738
1988-01-01,103.8,116.2333333,74.50234,103.425,75.50597,54.159
1988-04-01,103.8,117.5666667,75.08379,103.675,75.85567,54.686
1988-07-01,103.6,119,75.36406,103.498,76.15979,55.34
1988-10-01,103.8,120.3,75.85274,103.901,76.57318,55.818
1989-01-01,103.7,121.6666667,76.45249,104.087,76.95099,56.4
1989-04-01,103.4,123.6333333,76.7112,104.176,77.43058,57.001
1989-07-01,103.4,124.6,76.66939,104.349,77.39873,57.417
1989-10-01,103.3,125.8666667,76.98037,103.949,77.74406,57.826
1990-01-01,103.3,128.0333333,77.87737,103.676,78.55836,58.45
1990-04-01,102.9,129.3,77.73364,103.21,78.41598,59.105
1990-07-01,102.7,131.5333333,77.43377,102.942,78.61519,59.611
1990-10-01,102.5,133.7666667,77.24888,102.934,78.7713,60.055
1991-01-01,102.3,134.7666667,76.86408,102.664,78.83125,60.643
1991-04-01,102.2,135.5666667,76.85558,102.494,78.88933,61.088
1991-07-01,102.3,136.6,77.04439,102.639,79.08853,61.566
1991-10-01,102.3,137.7333333,76.74256,102.595,79.09727,61.931
1992-01-01,102.3,138.6666667,77.18551,102.529,79.68427,62.161
1992-04-01,102.8,139.7333333,77.36517,102.782,80.21819,62.535
1992-07-01,102.7,140.8,77.56182,102.716,80.24442,62.841
1992-10-01,102.6,142.0333333,77.74279,102.89,80.27751,63.273
1993-01-01,102.7,143.0666667,78.09885,102.975,80.30499,63.628
1993-04-01,103,144.1,78.58753,103.301,80.81268,64.007
1993-07-01,103.1,144.7666667,78.76,103.41,80.72338,64.387
1993-10-01,103.3,145.9666667,79.35452,103.6,81.14365,64.738
1994-01-01,103.1,146.7,79.65897,103.478,81.43028,65.048
1994-04-01,103.5,147.5333333,80.1189,104.137,81.53081,65.362
1994-07-01,103.6,148.9,80.80685,104.148,82.06785,65.737
1994-10-01,103.5,149.7666667,81.48238,104,82.39882,66.093
1995-01-01,103.3,150.8666667,81.63525,103.572,82.49686,66.452
1995-04-01,102.7,152.1,81.35237,103.005,82.39757,66.771
1995-07-01,102.9,152.8666667,81.75154,103.56,82.81097,67.1
1995-10-01,102.9,153.7,81.72214,103.53,82.74852,67.423
1996-01-01,102.4,155.0666667,82.22781,103.01,83.16629,67.747
1996-04-01,102.9,156.4,82.71127,103.321,83.48914,68.028
1996-07-01,103.1,157.3,83.32146,103.52,83.99995,68.251
1996-10-01,103.2,158.6666667,83.53314,103.705,84.37338,68.615
1997-01-01,103.2,159.6333333,84.20671,103.795,84.85921,69.025
1997-04-01,103.4,160,84.54709,103.705,85.05904,69.162
1997-07-01,103.7,160.8,84.94365,103.824,85.3488,69.464
1997-10-01,103.7,161.6666667,85.37484,103.675,85.64854,69.695
1998-01-01,103.5,162,85.46304,103.767,85.69912,69.794
1998-04-01,103.3,162.5333333,85.74396,103.594,85.83588,69.959
1998-07-01,103.3,163.3666667,86.22873,103.283,86.35481,70.255
1998-10-01,103.4,164.1333333,86.63117,104.044,86.57212,70.453
1999-01-01,103.2,164.7333333,86.85656,103.706,86.63207,70.682
1999-04-01,103,165.9666667,87.13814,103.603,87.00613,70.949
1999-07-01,103.1,167.2,87.35309,103.689,87.18909,71.2
1999-10-01,103.2,168.4333333,87.88619,103.68,87.53567,71.595
2000-01-01,103.2,170.1,89.30912,103.548,88.94509,72.071
2000-04-01,103,171.4333333,89.46526,103.454,89.04313,72.52
2000-07-01,102.8,173,89.43455,103.349,88.99755,72.944
2000-10-01,102.4,174.2333333,89.9056,102.944,89.45341,73.337
2001-01-01,102.2,175.9,90.01601,102.666,89.87554,73.822
2001-04-01,102,177.1333333,89.42149,102.191,89.52147,74.266
2001-07-01,101.7,177.6333333,89.40385,101.767,89.91613,74.558
2001-10-01,101.3,177.5,88.88185,101.536,90.11347,74.792
2002-01-01,101.4,178.0666667,88.96678,101.444,90.22337,75.027
2002-04-01,101.7,179.4666667,89.12227,101.974,90.42757,75.289
2002-07-01,101.6,180.4333333,89.70176,101.743,90.89217,75.65
2002-10-01,101.4,181.5,89.12945,101.865,90.58868,76.089
2003-01-01,101,183.3666667,89.788,101.327,91.18567,76.461
2003-04-01,100.9,183.0666667,90.02058,101.253,91.83137,76.73
2003-07-01,100.9,184.4333333,89.90233,101.214,91.5029,77.169
2003-10-01,101.1,185.1333333,90.42629,101.307,91.62717,77.639
2004-01-01,101.2,186.7,90.45373,101.468,91.76143,78.193
2004-04-01,101.1,188.1666667,90.92477,100.988,92.08365,78.824
2004-07-01,101.1,189.3666667,91.12926,101.123,92.05555,79.324
2004-10-01,101.3,191.4,91.54608,101.178,92.45771,79.939
2005-01-01,101.2,192.3666667,91.89168,101.001,92.66503,80.578
2005-04-01,101.2,193.6666667,92.5842,101.142,93.19395,81.158
2005-07-01,101.2,196.6,93.03303,100.864,93.64107,81.898
2005-10-01,101.4,198.4333333,93.26234,101.126,93.68853,82.571
2006-01-01,101.5,199.4666667,93.90847,101.439,94.17749,83.156
2006-04-01,101.5,201.2666667,94.3083,101.311,94.51532,83.882
2006-07-01,101.5,203.1666667,94.61013,101.376,94.70766,84.468
2006-10-01,101.6,202.3333333,95.36471,101.645,95.37583,84.77
2007-01-01,101.4,204.317,95.59338,101.236,95.57504,85.576
2007-04-01,101.5,206.631,95.42547,101.441,95.56879,86.171
2007-07-01,101.4,207.939,95.54372,101.189,95.80172,86.642
2007-10-01,101.4,210.4896667,95.56267,100.939,96.11645,86.993
2008-01-01,101.2,212.7696667,95.4405,100.809,96.11021,87.315
2008-04-01,101.1,215.5376667,95.21249,100.709,96.36311,87.738
2008-07-01,100.9,218.861,94.78065,100.428,96.5236,88.399
2008-10-01,100.3,213.8486667,93.66544,99.55,96.57668,88.613
2009-01-01,99.7,212.3776667,91.92631,98.997,96.25071,88.543
2009-04-01,99.1,213.507,91.47029,98.303,96.61477,88.396
2009-07-01,99.3,215.344,90.69219,97.956,96.05962,88.501
2009-10-01,99.5,217.03,90.16627,98.543,95.61251,88.781
2010-01-01,99.7,217.374,90.64842,99.201,96.13893,89.036
2010-04-01,100.1,217.2973333,90.90321,99.631,95.92786,89.471
2010-07-01,100.4,217.9343333,91.06981,99.852,96.15204,89.743
2010-10-01,100.6,219.699,91.00774,100.062,95.94909,90.264
2011-01-01,100.4,222.0436667,91.22856,99.805,95.77799,90.726
2011-04-01,100.8,224.5683333,91.06197,100.281,95.75926,91.326
2011-07-01,100.8,226.0326667,91.58397,100.133,96.24946,91.876
2011-10-01,101,227.0473333,92.0537,100.664,96.16453,91.985
2012-01-01,101.2,228.326,92.79456,100.708,96.63538,92.525
2012-04-01,101,228.808,93.02649,100.549,96.84395,92.907
2012-07-01,101,229.841,93.45311,100.644,96.89204,93.417
2012-10-01,101,231.3693333,93.63996,100.632,97.18429,93.885
2013-01-01,101,232.2993333,93.63081,100.772,96.79524,94.258
2013-04-01,101,232.045,94.07703,100.684,97.25985,94.461
2013-07-01,100.8,233.3,94.35077,100.609,97.22113,94.924
2013-10-01,100.8,234.1626667,94.58596,100.436,96.90577,95.426
2014-01-01,100.6,235.621,95.15435,100.428,97.43407,95.788
2014-04-01,101.1,236.8723333,95.54568,100.803,97.23362,96.33
2014-07-01,101.1,237.4783333,95.89259,100.884,97.44157,96.726
2014-10-01,101.3,236.8883333,96.43942,101.161,97.62391,96.822
2015-01-01,101.2,235.355,96.77457,101.124,97.81812,96.769
2015-04-01,100.8,236.96,97.22406,100.884,98.07977,97.325
2015-07-01,101.2,237.855,97.23059,100.411,97.87432,97.583
2015-10-01,101.2,237.837,98.08121,100.642,98.68737,97.581
2016-01-01,100.9,237.6893333,98.79332,100.443,99.40176,97.496
2016-04-01,100.8,239.5903333,98.79659,100.184,99.26938,98.159
2016-07-01,100.7,240.6073333,99.14807,100.172,99.73585,98.41
2016-10-01,100.7,242.1346667,99.40679,99.96,99.71337,98.886
2017-01-01,100.7,243.8386667,100,99.801,100,99.39
2017-04-01,101,244.12,100.16529,100.059,100.03435,99.65
2017-07-01,100.9,245.287,100.7977,99.86,100.62634,100.162
2017-10-01,101.1,247.2383333,100.54813,100.036,100.24854,100.778
2018-01-01,101.1,249.3216667,101.40398,100.032,100.9673,101.419
2018-04-01,101.2,250.679,101.762,100.07,101.29452,102.136
2018-07-01,101.3,251.6863333,101.92729,100.19,101.21771,102.577
2018-10-01,101.1,252.711,102.45125,100.095,101.91648,103.019
2019-01-01,101,253.3856667,102.37546,99.849,101.7279,103.328
2019-04-01,101,255.2473333,102.72237,99.916,101.89275,103.862
2019-07-01,100.8,256.0893333,103.4456,99.841,102.46976,104.192
2019-10-01,100.7,257.888,103.77617,99.353,102.84881,104.516
2020-01-01,100.5,258.7673333,101.50655,98.747,101.52619,104.999
2020-04-01,101.6,256.326,92.99644,97.405,99.91632,104.612
2020-07-01,102.4,259.2416667,96.47797,98.968,100.06869,105.527
2020-10-01,102.7,261.0496667,97.9904,99.476,100.38967,106.244
2021-01-01,102.8,263.6703333,98.42877,99.555,100.16111,107.59
2021-04-01,103.1,268.6226667,99.13893,99.96,100.72251,109.256
2021-07-01,102.7,272.89,100.5514,99.755,100.89361,110.897
2021-10-01,102.6,278.6803333,101.9985,99.746,101.43127,112.826
2022-01-01,102.3,284.826,103.3672,99.39,102.5447,115.119
2022-04-01,102.3,291.7063333,103.29991,99.243,102.47476,117.731
2022-07-01,102,295.509,103.80819,99.148,102.81759,119.057
2022-10-01,101.7,298.441,104.07343,99.026,103.03553,120.157
2023-01-01,101.8,301.203,105.06909,98.934,104.09212,121.251
2023-04-01,101.4,303.4666667,105.18669,98.426,104.28571,121.804
2023-07-01,101.4,306.0343333,105.5434,98.39,104.84585,122.768
2023-10-01,101.3,308.099,105.30363,98.025,104.56734,123.241
2024-01-01,101.1,310.9896667,105.48852,97.873,104.8446,124.163
2024-04-01,101.1,313.1603333,105.31408,97.823,104.91579,124.943