DATE,PCEC,GDPDEF,CE16OV,FPI,GDPC1,PRS85006023,CLF16OV,FEDFUNDS,COMPRNFB
1960-01-01,326.364,15.428,42.25198,85.276,3517.181,114.313,42.7128,3.933333333,50.712
1960-04-01,332.208,15.467,43.22869,83.872,3498.246,114.371,43.67136,3.696666667,50.735
1960-07-01,332.126,15.52,43.29337,82.057,3515.385,114.494,43.80687,2.936666667,51.004
1960-10-01,334.024,15.566,42.9739,81.775,3470.278,114.033,43.95923,2.296666667,50.889
1961-01-01,334.52,15.6,43.02094,80.926,3493.703,113.789,44.15157,2.003333333,51.236
1961-04-01,339.455,15.636,43.11436,82.316,3553.021,113.749,44.26085,1.733333333,51.973
1961-07-01,342.332,15.676,42.81906,84.261,3621.252,113.919,43.84808,1.683333333,52.159
1961-10-01,349.593,15.725,43.0536,86.935,3692.289,114.344,43.76065,2.4,52.467
1962-01-01,354.822,15.806,43.44102,88.666,3758.147,114.058,43.9711,2.456666667,53.096
1962-04-01,360.458,15.832,43.55666,91.262,3792.149,114.591,44.03355,2.606666667,53.255
1962-07-01,364.333,15.865,43.89769,91.972,3838.776,114.547,44.43258,2.846666667,53.478
1962-10-01,370.618,15.898,43.73763,91.604,3851.421,114.125,44.24586,2.923333333,53.83
1963-01-01,374.283,15.967,44.00157,92.821,3893.482,114.25,44.60119,2.966666667,54.193
1963-04-01,378.413,15.995,44.19626,96.814,3937.183,114.487,44.72795,2.963333333,54.367
1963-07-01,385.394,16.016,44.53925,98.896,4023.755,114.183,45.04331,3.33,54.59
1963-10-01,390.049,16.146,44.56473,102.125,4050.147,114.473,45.0789,3.453333333,55.062
1964-01-01,399.581,16.197,44.92405,105.35,4135.553,115.858,45.40675,3.463333333,54.663
1964-04-01,407.536,16.234,45.22131,106.062,4180.592,116.121,45.60595,3.49,55.183
1964-07-01,416.422,16.299,45.45651,107.939,4245.918,115.877,45.76706,3.456666667,55.785
1964-10-01,418.987,16.373,45.61069,109.968,4259.046,116.027,45.87634,3.576666667,55.937
1965-01-01,429.711,16.455,46.01901,114.998,4362.111,116.666,46.17858,3.976666667,55.997
1965-04-01,436.642,16.531,46.40186,118.484,4417.225,116.437,46.46771,4.08,56.013
1965-07-01,445.804,16.595,46.57237,121.945,4515.427,116.143,46.52391,4.076666667,56.439
1965-10-01,459.736,16.709,47.07935,126.168,4619.458,116.198,46.89297,4.166666667,56.975
1966-01-01,470.136,16.816,47.16166,130.328,4731.888,116.436,46.88173,4.56,57.432
1966-04-01,475.189,16.954,47.54516,131.185,4748.046,116.09,47.23893,4.913333333,57.826
1966-07-01,484.291,17.118,47.86071,131.342,4788.254,115.656,47.49433,5.41,58.152
1966-10-01,490.06,17.261,48.16843,129.351,4827.537,115.143,47.85965,5.563333333,58.454
1967-01-01,494.317,17.333,47.97896,127.388,4870.299,114.543,47.66419,4.823333333,59.09
1967-04-01,503.458,17.421,48.5271,131.154,4873.287,113.821,48.25243,3.99,59.68
1967-07-01,510.717,17.588,48.90341,133.571,4919.392,113.718,48.59089,3.893333333,59.886
1967-10-01,518.249,17.784,49.30781,139.22,4956.477,113.664,49.01491,4.173333333,60.045
1968-01-01,536.297,17.981,49.2464,143.85,5057.553,113.282,48.86816,4.79,61.056
1968-04-01,550.014,18.171,49.77101,144.862,5142.033,113.487,49.40769,5.983333333,61.451
1968-07-01,566.122,18.349,49.76448,148.003,5181.859,113.48,49.24408,5.946666667,61.618
1968-10-01,574.977,18.608,50.16039,154.754,5202.212,112.935,49.62189,5.916666667,62.073
1969-01-01,587.005,18.8,50.54519,160.899,5283.597,112.859,50.00656,6.566666667,62.161
1969-04-01,598.337,19.039,50.88034,163.499,5299.625,112.701,50.39185,8.326666667,62.184
1969-07-01,608.626,19.307,51.12207,167.37,5334.6,112.477,50.76278,8.983333333,62.432
1969-10-01,620.586,19.556,51.4422,165.787,5308.556,112.058,50.97136,8.94,62.67
1970-01-01,631.685,19.832,51.52256,166.289,5300.652,111.581,51.51714,8.573333333,62.793
1970-04-01,641.57,20.108,51.22856,166.374,5308.164,110.815,51.5084,7.886666667,62.902
1970-07-01,653.482,20.273,51.28409,168.821,5357.077,110.308,51.80189,6.706666667,63.265
1970-10-01,660.161,20.541,51.34681,170.738,5299.672,110.221,52.24901,5.566666667,62.967
1971-01-01,679.186,20.853,51.34289,177.241,5443.619,110.235,52.18969,3.856666667,63.732
1971-04-01,693.225,21.127,51.4533,186.455,5473.059,110.201,52.27149,4.566666667,64.077
1971-07-01,705.599,21.342,52.0622,191.87,5518.072,110.016,52.91157,5.476666667,64.318
1971-10-01,721.739,21.52,52.57309,198.706,5531.032,110.405,53.46984,4.75,64.286
1972-01-01,738.948,21.848,53.29305,209.741,5632.649,110.43,54.08556,3.546666667,65.542
1972-04-01,757.364,21.984,53.62624,214.8,5760.47,110.409,54.33223,4.3,65.886
1972-07-01,775.799,22.194,53.92676,219.375,5814.854,110.325,54.57327,4.743333333,66.23
1972-10-01,800.502,22.477,54.48666,232.224,5912.22,110.185,54.91735,5.146666667,66.788
1973-01-01,825.007,22.736,55.17395,243.763,6058.544,110.065,55.48124,6.536666667,67.488
1973-04-01,840.527,23.086,55.65283,249.99,6124.506,110.007,55.91962,7.816666667,67.029
1973-07-01,858.877,23.535,55.85078,254.574,6092.301,110.011,56.10071,10.56,66.869
1973-10-01,873.887,24.004,56.44726,255.865,6150.131,109.694,56.75765,9.996666667,66.536
1974-01-01,891.868,24.457,56.72035,255.842,6097.258,108.924,57.10923,9.323333333,66.079
1974-04-01,920.422,25.035,56.80005,259.975,6111.751,108.615,57.36838,11.25,66.028
1974-07-01,949.276,25.769,56.87192,265.434,6053.978,108.315,57.75555,12.09,66.12
1974-10-01,959.079,26.527,56.27936,260.893,6030.464,107.609,57.93789,9.346666667,65.907
1975-01-01,985.19,27.13,55.65413,254.335,5957.035,106.774,58.17831,6.303333333,66.45
1975-04-01,1013.582,27.533,55.76389,257.235,5999.61,106.647,58.43434,5.42,67.051
1975-07-01,1047.192,28.019,56.36756,266.579,6102.326,106.846,58.82588,6.16,66.897
1975-10-01,1076.223,28.488,56.61974,275.888,6184.53,107.386,58.95514,5.413333333,66.764
1976-01-01,1109.908,28.789,57.48212,289.945,6323.649,107.743,59.45846,4.826666667,67.279
1976-04-01,1129.54,29.079,57.85973,299.855,6370.025,107.012,59.87686,5.196666667,67.933
1976-07-01,1158.806,29.455,58.25826,307.501,6404.895,106.816,60.294,5.283333333,68.269
1976-10-01,1192.408,29.983,58.66985,327.132,6451.177,106.583,60.79045,4.873333333,68.723
1977-01-01,1228.212,30.465,59.32643,345.491,6527.703,106.438,61.26941,4.66,68.763
1977-04-01,1255.98,30.895,60.0784,370.233,6654.466,106.609,61.88014,5.156666667,68.966
1977-07-01,1286.905,31.271,60.56381,383.251,6774.457,106.38,62.10495,5.82,69.345
1977-10-01,1324.804,31.947,61.48042,398.179,6774.592,106.226,62.75314,6.513333333,69.52
1978-01-01,1354.053,32.411,61.90507,409.346,6796.26,105.449,63.12845,6.756666667,70.28
1978-04-01,1411.385,33.031,62.94254,446.328,7058.92,106.414,63.92714,7.283333333,69.964
1978-07-01,1442.217,33.592,63.15618,467.401,7129.915,106.251,64.19191,8.1,70.035
1978-10-01,1481.354,34.279,63.75135,487.269,7225.75,106.122,64.82512,9.583333333,70.398
1979-01-01,1517.141,34.904,64.33868,501.957,7238.727,105.648,65.3122,10.07333333,70.583
1979-04-01,1557.635,35.759,64.46869,511.892,7246.454,105.05,65.3428,10.18,70.304
1979-07-01,1611.867,36.541,64.90053,533.49,7300.281,105.37,65.89982,10.94666667,70.002
1979-10-01,1655.035,37.219,65.28795,539.323,7318.535,105.348,66.35443,13.57666667,70.014
1980-01-01,1702.302,38.001,65.14422,544.663,7341.557,104.791,66.46934,15.04666667,69.764
1980-04-01,1704.723,38.905,64.47065,511.544,7190.289,103.943,66.6804,12.68666667,69.932
1980-07-01,1763.771,39.774,64.72871,528.927,7181.743,103.762,66.87898,9.836666667,70.012
1980-10-01,1831.874,40.81,65.09261,560.59,7315.677,104.254,67.0376,15.85333333,70.219
1981-01-01,1885.734,41.885,65.70477,580.626,7459.022,104.382,67.78758,16.57,70.029
1981-04-01,1917.524,42.715,65.52641,598.129,7403.745,103.963,67.68954,17.78,69.932
1981-07-01,1958.099,43.519,65.37353,608.337,7492.405,103.563,67.62585,17.57666667,70.063
1981-10-01,1974.447,44.271,65.09979,618.589,7410.768,103.638,68.01176,13.58666667,70.001
1982-01-01,2014.155,44.88,65.11743,609.784,7295.631,102.697,68.42079,14.22666667,70.975
1982-04-01,2039.645,45.463,65.03316,597.786,7328.912,103.388,68.74176,14.51333333,70.776
1982-07-01,2085.671,46.108,65.00768,587.157,7300.896,103.391,69.14142,11.00666667,70.655
1982-10-01,2145.554,46.586,64.69931,589.062,7303.817,103.296,69.36748,9.286666667,70.913
1983-01-01,2184.589,46.938,64.79535,600.58,7400.066,103.662,69.05774,8.653333333,71.224
1983-04-01,2249.438,47.286,65.74527,621.454,7568.456,103.892,69.86455,8.803333333,71.052
1983-07-01,2319.895,47.789,66.64881,656.472,7719.746,104.634,70.1262,9.46,70.76
1983-10-01,2372.496,48.151,67.28906,694.564,7880.794,104.693,70.14431,9.43,70.915
1984-01-01,2418.165,48.639,67.92343,717.89,8034.847,105.035,70.38536,9.686666667,70.762
1984-04-01,2475.876,49.055,68.98442,749.573,8173.67,105.194,71.07477,10.55666667,70.864
1984-07-01,2513.523,49.491,68.91843,767.514,8252.465,104.809,71.09975,11.39,71.334
1984-10-01,2561.797,49.861,69.39731,783.762,8320.199,104.702,71.55186,9.266666667,71.315
1985-01-01,2636.008,50.354,69.89776,793.636,8400.82,104.752,72.01833,8.476666667,71.599
1985-04-01,2681.764,50.678,69.58155,805.394,8474.787,104.875,71.79165,7.923333333,71.651
1985-07-01,2754.148,50.984,70.33417,805.854,8604.22,104.668,72.37865,7.9,72.258
1985-10-01,2779.4,51.269,70.69938,826.426,8668.188,104.498,72.65904,8.103333333,72.935
1986-01-01,2823.648,51.524,71.10509,833.06,8749.127,104.26,73.19982,7.826666667,73.624
1986-04-01,2851.456,51.719,71.58789,839.574,8788.524,103.645,73.73936,6.92,74.861
1986-07-01,2917.201,51.931,71.92043,842.851,8872.601,103.353,73.93357,6.206666667,75.377
1986-10-01,2952.807,52.214,72.34051,854.822,8920.193,103.483,74.06845,6.266666667,75.89
1987-01-01,2983.513,52.548,72.78476,843.222,8986.367,104.043,74.47998,6.22,75.365
1987-04-01,3053.33,52.912,73.33224,858.064,9083.256,103.899,74.71353,6.65,75.112
1987-07-01,3117.358,53.313,73.76539,875.449,9162.024,103.851,74.94271,6.843333333,75.143
1987-10-01,3150.916,53.738,74.34293,883.376,9319.332,104.044,75.39107,6.916666667,75.433
1988-01-01,3231.896,54.159,74.50234,891.613,9367.502,103.425,75.50597,6.663333333,76.258
1988-04-01,3291.716,54.686,75.08379,914.877,9490.594,103.675,75.85567,7.156666667,76.376
1988-07-01,3361.899,55.34,75.36406,923.828,9546.206,103.498,76.15979,7.983333333,76.441
1988-10-01,3434.539,55.818,75.85274,943.605,9673.405,103.901,76.57318,8.47,76.314
1989-01-01,3490.172,56.4,76.45249,957.35,9771.725,104.087,76.95099,9.443333333,75.757
1989-04-01,3553.767,57.001,76.7112,964.79,9846.293,104.176,77.43058,9.726666667,74.934
1989-07-01,3609.399,57.417,76.66939,986.635,9919.228,104.349,77.39873,9.083333333,75.073
1989-10-01,3653.692,57.826,76.98037,979.257,9938.767,103.949,77.74406,8.613333333,75.473
1990-01-01,3737.948,58.45,77.87737,996.884,10047.386,103.676,78.55836,8.25,75.734
1990-04-01,3783.421,59.105,77.73364,981.02,10083.855,103.21,78.41598,8.243333333,76.511
1990-07-01,3846.7,59.611,77.43377,978.919,10090.569,102.942,78.61519,8.16,76.272
1990-10-01,3867.909,60.055,77.24888,958.787,9998.704,102.934,78.7713,7.743333333,75.67
1991-01-01,3873.562,60.643,76.86408,940.088,9951.916,102.664,78.83125,6.426666667,75.711
1991-04-01,3926.932,61.088,76.85558,944.575,10029.51,102.494,78.88933,5.863333333,76.812
1991-07-01,3973.269,61.566,77.04439,946.633,10080.195,102.639,79.08853,5.643333333,77.263
1991-10-01,4000.032,61.931,76.74256,947.655,10115.329,102.595,79.09727,4.816666667,77.727
1992-01-01,4100.401,62.161,77.18551,956.571,10236.435,102.529,79.68427,4.023333333,79.329
1992-04-01,4155.66,62.535,77.36517,989.875,10347.429,102.782,80.21819,3.77,79.532
1992-07-01,4226.971,62.841,77.56182,1003.65,10449.673,102.716,80.24442,3.256666667,79.939
1992-10-01,4307.205,63.273,77.74279,1036.618,10558.648,102.89,80.27751,3.036666667,79.765
1993-01-01,4349.515,63.628,78.09885,1047.889,10576.275,102.975,80.30499,3.04,78.78
1993-04-01,4418.581,64.007,78.58753,1070.375,10637.847,103.301,80.81268,3,78.791
1993-07-01,4487.189,64.387,78.76,1089.254,10688.606,103.41,80.72338,3.06,78.512
1993-10-01,4552.651,64.738,79.35452,1136.53,10833.987,103.6,81.14365,2.99,78.549
1994-01-01,4621.223,65.048,79.65897,1156.312,10939.116,103.478,81.43028,3.213333333,77.869
1994-04-01,4683.163,65.362,80.1189,1183.538,11087.361,104.137,81.53081,3.94,78.101
1994-07-01,4752.761,65.737,80.80685,1198.526,11152.176,104.148,82.06785,4.486666667,77.489
1994-10-01,4826.713,66.093,81.48238,1232.424,11279.932,104,82.39882,5.166666667,77.727
1995-01-01,4862.436,66.452,81.63525,1266.407,11319.951,103.572,82.49686,5.81,77.718
1995-04-01,4933.609,66.771,81.35237,1270.229,11353.721,103.005,82.39757,6.02,77.766
1995-07-01,4998.662,67.1,81.75154,1291.922,11450.31,103.56,82.81097,5.796666667,77.841
1995-10-01,5055.655,67.423,81.72214,1316.705,11528.067,103.53,82.74852,5.72,78.079
1996-01-01,5130.615,67.747,82.22781,1348.472,11614.418,103.01,83.16629,5.363333333,78.325
1996-04-01,5220.499,68.028,82.71127,1387.867,11808.14,103.321,83.48914,5.243333333,78.384
1996-07-01,5274.505,68.251,83.32146,1423.28,11914.063,103.52,83.99995,5.306666667,78.573
1996-10-01,5352.763,68.615,83.53314,1445.403,12037.775,103.705,84.37338,5.28,78.405
1997-01-01,5433.105,69.025,84.20671,1472.659,12115.472,103.795,84.85921,5.276666667,78.863
1997-04-01,5471.267,69.162,84.54709,1501.843,12317.221,103.705,85.05904,5.523333333,79.392
1997-07-01,5579.179,69.464,84.94365,1557.316,12471.01,103.824,85.3488,5.533333333,79.837
1997-10-01,5663.61,69.695,85.37484,1566.877,12577.495,103.675,85.64854,5.506666667,80.881
1998-01-01,5721.342,69.794,85.46304,1607.224,12703.742,103.767,85.69912,5.52,82.106
1998-04-01,5832.566,69.959,85.74396,1658.434,12821.339,103.594,85.83588,5.5,82.915
1998-07-01,5926.846,70.255,86.22873,1689.202,12982.752,103.283,86.35481,5.533333333,83.887
1998-10-01,6028.238,70.453,86.63117,1736.947,13191.67,104.044,86.57212,4.86,84.008
1999-01-01,6102.04,70.682,86.85656,1769.668,13315.597,103.706,86.63207,4.733333333,85.188
1999-04-01,6230.641,70.949,87.13814,1813.23,13426.748,103.603,87.00613,4.746666667,84.92
1999-07-01,6335.31,71.2,87.35309,1853.219,13604.771,103.689,87.18909,5.093333333,84.999
1999-10-01,6467.039,71.595,87.88619,1868.855,13827.98,103.68,87.53567,5.306666667,86.061
2000-01-01,6618.217,72.071,89.30912,1934.493,13878.147,103.548,88.94509,5.676666667,88.204
2000-04-01,6711.911,72.52,89.46526,1985.342,14130.908,103.454,89.04313,6.273333333,87.741
2000-07-01,6819.984,72.944,89.43455,2002.736,14145.312,103.349,88.99755,6.52,88.635
2000-10-01,6918.606,73.337,89.9056,2012.884,14229.765,102.944,89.45341,6.473333333,88.514
2001-01-01,6995.298,73.822,90.01601,2001.963,14183.12,102.666,89.87554,5.593333333,89.64
2001-04-01,7042.25,74.266,89.42149,1984.593,14271.694,102.191,89.52147,4.326666667,89.371
2001-07-01,7070.337,74.558,89.40385,1975.026,14214.516,101.767,89.91613,3.496666667,89.215
2001-10-01,7187.32,74.792,88.88185,1930.92,14253.574,101.536,90.11347,2.133333333,90.135
2002-01-01,7217.715,75.027,88.96678,1912.366,14372.785,101.444,90.22337,1.733333333,90.229
2002-04-01,7307.955,75.289,89.12227,1912.113,14460.848,101.974,90.42757,1.75,90.317
2002-07-01,7397.135,75.65,89.70176,1907.764,14519.633,101.743,90.89217,1.74,90.308
2002-10-01,7472.958,76.089,89.12945,1909.528,14537.58,101.865,90.58868,1.443333333,89.97
2003-01-01,7567.16,76.461,89.788,1934.14,14614.141,101.327,91.18567,1.25,89.598
2003-04-01,7661.458,76.73,90.02058,1978.873,14743.567,101.253,91.83137,1.246666667,91.306
2003-07-01,7820.927,77.169,89.90233,2043.866,14988.782,101.214,91.5029,1.016666667,92.017
2003-10-01,7913.453,77.639,90.42629,2094.966,15162.76,101.307,91.62717,0.996666667,92.944
2004-01-01,8048.777,78.193,90.45373,2108.027,15248.68,101.468,91.76143,1.003333333,91.96
2004-04-01,8147.108,78.824,90.92477,2188.618,15366.85,100.988,92.08365,1.01,92.999
2004-07-01,8283.335,79.324,91.12926,2254.106,15512.619,101.123,92.05555,1.433333333,94.133
2004-10-01,8448.621,79.939,91.54608,2317.993,15670.88,101.178,92.45771,1.95,93.466
2005-01-01,8551.735,80.578,91.89168,2383.59,15844.727,101.001,92.66503,2.47,93.591
2005-04-01,8701.145,81.158,92.5842,2447.639,15922.782,101.142,93.19395,2.943333333,93.55
2005-07-01,8868.089,81.898,93.03303,2518.722,16047.587,100.864,93.64107,3.46,93.39
2005-10-01,8955.295,82.571,93.26234,2558.875,16136.734,101.126,93.68853,3.98,93.051
2006-01-01,9100.153,83.156,93.90847,2631.526,16353.835,101.439,94.17749,4.456666667,94.327
2006-04-01,9227.649,83.882,94.3083,2633.739,16396.151,101.311,94.51532,4.906666667,93.625
2006-07-01,9353.772,84.468,94.61013,2630.666,16420.738,101.376,94.70766,5.246666667,93.004
2006-10-01,9427.368,84.77,95.36471,2631.93,16561.866,101.645,95.37583,5.246666667,94.86
2007-01-01,9572.138,85.576,95.59338,2642.923,16611.69,101.236,95.57504,5.256666667,96.092
2007-04-01,9678.713,86.171,95.42547,2656.992,16713.314,101.441,95.56879,5.25,94.965
2007-07-01,9798.383,86.642,95.54372,2641.047,16809.587,101.189,95.80172,5.073333333,94.782
2007-10-01,9937.14,86.993,95.56267,2615.279,16915.191,100.939,96.11645,4.496666667,94.757
2008-01-01,10004.445,87.315,95.4405,2580.374,16843.003,100.809,96.11021,3.176666667,94.627
2008-04-01,10129.869,87.738,95.21249,2562.847,16943.291,100.709,96.36311,2.086666667,93.578
2008-07-01,10159.078,88.399,94.78065,2514.067,16854.295,100.428,96.5236,1.94,93.117
2008-10-01,9906.942,88.613,93.66544,2370.13,16485.35,99.55,96.57668,0.506666667,96.54
2009-01-01,9814.969,88.543,91.92631,2165.874,16298.262,98.997,96.25071,0.183333333,94.599
2009-04-01,9805.502,88.396,91.47029,2059.651,16269.145,98.303,96.61477,0.18,96.581
2009-07-01,9939.406,88.501,90.69219,2045.422,16326.281,97.956,96.05962,0.156666667,96.516
2009-10-01,10004.996,88.781,90.16627,2050.795,16502.754,98.543,95.61251,0.12,96.207
2010-01-01,10101.822,89.036,90.64842,2039.398,16582.71,99.201,96.13893,0.133333333,95.116
2010-04-01,10208.145,89.471,90.90321,2112.087,16743.162,99.631,95.92786,0.193333333,96.287
2010-07-01,10300.754,89.743,91.06981,2123.598,16872.266,99.852,96.15204,0.186666667,96.567
2010-10-01,10430.304,90.264,91.00774,2171.138,16960.864,100.062,95.94909,0.186666667,96.101
2011-01-01,10558.195,90.726,91.22856,2173.885,16920.632,99.805,95.77799,0.156666667,96.892
2011-04-01,10673.018,91.326,91.06197,2236.305,17035.114,100.281,95.75926,0.093333333,94.971
2011-07-01,10755.029,91.876,91.58397,2334.873,17031.313,100.133,96.24946,0.083333333,95.099
2011-10-01,10809.186,91.985,92.0537,2400.138,17222.583,100.664,96.16453,0.073333333,93.271
2012-01-01,10959.301,92.525,92.79456,2487.473,17367.01,100.708,96.63538,0.103333333,94.954
2012-04-01,11005.055,92.907,93.02649,2545.458,17444.525,100.549,96.84395,0.153333333,95.226
2012-07-01,11059.393,93.417,93.45311,2559.69,17469.65,100.644,96.89204,0.143333333,94.79
2012-10-01,11165.703,93.885,93.63996,2609.548,17489.852,100.632,97.18429,0.16,96.573
2013-01-01,11277.664,94.258,93.63081,2661.196,17662.4,100.772,96.79524,0.143333333,94.71
2013-04-01,11315.681,94.461,94.07703,2697.549,17709.671,100.684,97.25985,0.116666667,95.458
2013-07-01,11408.359,94.924,94.35077,2755.705,17860.45,100.609,97.22113,0.083333333,94.721
2013-10-01,11551.229,95.426,94.58596,2816.948,18016.147,100.436,96.90577,0.086666667,95.123
2014-01-01,11646.001,95.788,95.15435,2870.77,17953.974,100.428,97.43407,0.073333333,96.313
2014-04-01,11810.451,96.33,95.54568,2961.343,18185.911,100.803,97.23362,0.093333333,95.282
2014-07-01,11959.79,96.726,95.89259,3038.113,18406.941,100.884,97.44157,0.09,95.532
2014-10-01,12081.561,96.822,96.43942,3086.53,18500.031,101.161,97.62391,0.1,96.796
2015-01-01,12119.763,96.769,96.77457,3107.041,18666.621,101.124,97.81812,0.11,98.533
2015-04-01,12264.14,97.325,97.22406,3139.856,18782.243,100.884,98.07977,0.123333333,98.733
2015-07-01,12382.494,97.583,97.23059,3176.809,18857.418,100.411,97.87432,0.136666667,98.954
2015-10-01,12423.353,97.581,98.08121,3169.729,18892.206,100.642,98.68737,0.16,98.765
2016-01-01,12523.156,97.496,98.79332,3181.999,19001.69,100.443,99.40176,0.36,98.857
2016-04-01,12665.124,98.159,98.79659,3215.897,19062.709,100.184,99.26938,0.373333333,98.413
2016-07-01,12797.126,98.41,99.14807,3256.247,19197.938,100.172,99.73585,0.396666667,98.429
2016-10-01,12921.989,98.886,99.40679,3302.805,19304.352,99.96,99.71337,0.45,98.869
2017-01-01,13097.306,99.39,100,3356.791,19398.343,99.801,100,0.7,99.157
2017-04-01,13188.73,99.65,100.16529,3407.44,19506.949,100.059,100.03435,0.95,99.657
2017-07-01,13325.065,100.162,100.7977,3445.283,19660.766,99.86,100.62634,1.153333333,100.44
2017-10-01,13551.401,100.778,100.54813,3530.448,19882.352,100.036,100.24854,1.203333333,100.985
2018-01-01,13745.074,101.419,101.40398,3610.589,20044.077,100.032,100.9673,1.446666667,100.786
2018-04-01,13891.294,102.136,101.762,3666.129,20150.476,100.07,101.29452,1.736666667,100.752
2018-07-01,14002.199,102.577,101.92729,3690.028,20276.154,100.19,101.21771,1.923333333,101.309
2018-10-01,14099.199,103.019,102.45125,3706.704,20304.874,100.095,101.91648,2.22,101.262
2019-01-01,14150.191,103.328,102.37546,3735.845,20431.641,99.849,101.7279,2.403333333,103.416
2019-04-01,14350.662,103.862,102.72237,3820.789,20602.275,99.916,101.89275,2.396666667,102.713
2019-07-01,14548.282,104.192,103.4456,3869.365,20843.322,99.841,102.46976,2.19,102.418
2019-10-01,14701.038,104.516,103.77617,3857.115,20985.448,99.353,102.84881,1.643333333,103.453
2020-01-01,14496.227,104.999,101.50655,3841.036,20693.238,98.747,101.52619,1.26,105.751
2020-04-01,13175.637,104.612,92.99644,3552.634,19056.617,97.405,99.91632,0.06,112.649
2020-07-01,14478.033,105.527,96.47797,3802.372,20548.793,98.968,100.06869,0.093333333,109.567
2020-10-01,14752.732,106.244,97.9904,3968.294,20771.691,99.476,100.38967,0.09,111.567
2021-01-01,15259.427,107.59,98.42877,4086.717,21058.379,99.555,100.16111,0.08,110.561
2021-04-01,16016.346,109.256,99.13893,4182.192,21389.005,99.96,100.72251,0.07,110.088
2021-07-01,16363.876,110.897,100.5514,4231.018,21571.421,99.755,100.89361,0.09,109.805
2021-10-01,16816.132,112.826,101.9985,4346.39,21960.388,99.746,101.43127,0.08,109.119
2022-01-01,17175.105,115.119,103.3672,4539.883,21903.85,99.39,102.5447,0.12,107.268
2022-04-01,17603.753,117.731,103.29991,4669.571,21919.222,99.243,102.47476,0.77,104.926
2022-07-01,17876.234,119.057,103.80819,4727.803,22066.784,99.148,102.81759,2.19,105.37
2022-10-01,18108.27,120.157,104.07343,4749.042,22249.459,99.026,103.03553,3.653333333,104.332
2023-01-01,18506.211,121.251,105.06909,4826.317,22403.435,98.934,104.09212,4.516666667,105.072
2023-04-01,18685.724,121.804,105.18669,4925.655,22539.418,98.426,104.28571,4.99,105.794
2023-07-01,18928.987,122.768,105.5434,4974.163,22780.933,98.39,104.84585,5.26,106.089
2023-10-01,19170.154,123.241,105.30363,5046.126,22960.6,98.025,104.56734,5.33,105.551
2024-01-01,19424.775,124.163,105.48852,5138.499,23053.545,97.873,104.8446,5.33,105.658
2024-04-01,19682.699,124.943,105.31408,5201.053,23223.906,97.823,104.91579,5.33,105.694